Latitude,Longitude,DateTime
28.75112740921623,77.11656474471293,2019-12-25 19:23:38
28.74757716289836,77.11652976767394,2017-05-25 02:09:55
28.75357875785874,77.11721414508507,2018-07-08 19:33:54
28.75357875785874,77.11721414508507,2018-07-08 19:33:54
28.75357875785874,77.11721414508507,2018-07-08 19:33:54
28.75357875785874,77.11721414508507,2018-07-08 19:33:54
28.75357875785874,77.11721414508507,2018-07-08 19:33:54
28.75357875785874,77.11721414508507,2018-07-08 19:33:54
28.75357875785874,77.11721414508507,2018-07-08 19:33:54
28.75357875785874,77.11721414508507,2018-07-08 19:33:54
28.75357875785874,77.11721414508507,2018-07-08 19:33:54
28.75357875785874,77.11721414508507,2018-07-08 19:33:54
28.75357875785874,77.11721414508507,2018-07-08 19:33:54
28.75357875785874,77.11721414508507,2018-07-08 19:33:54
28.75357875785874,77.11721414508507,2018-07-08 19:33:54
28.75357875785874,77.11721414508507,2018-07-08 19:33:54
28.75357875785874,77.11721414508507,2018-07-08 19:33:54
28.75357875785874,77.11721414508507,2018-07-08 19:33:54
28.75357875785874,77.11721414508507,2018-07-08 19:33:54
28.75357875785874,77.11721414508507,2018-07-08 19:33:54
28.75357875785874,77.11721414508507,2018-07-08 19:33:54
28.75357875785874,77.11721414508507,2018-07-08 19:33:54
28.75357875785874,77.11721414508507,2018-07-08 19:33:54
28.75357875785874,77.11721414508507,2018-07-08 19:33:54
28.75357875785874,77.11721414508507,2018-07-08 19:33:54
28.75357875785874,77.11721414508507,2018-07-08 19:33:54
28.75357875785874,77.11721414508507,2018-07-08 19:33:54
28.75357875785874,77.11721414508507,2018-07-08 19:33:54
28.75357875785874,77.11721414508507,2018-07-08 19:33:54
28.75357875785874,77.11721414508507,2018-07-08 19:33:54
28.75357875785874,77.11721414508507,2018-07-08 19:33:54
28.75357875785874,77.11721414508507,2018-07-08 19:33:54
28.75357875785874,77.11721414508507,2018-07-08 19:33:54
28.75357875785874,77.11721414508507,2018-07-08 19:33:54
28.75357875785874,77.11721414508507,2018-07-08 19:33:54
28.75357875785874,77.11721414508507,2018-07-08 19:33:54
28.75357875785874,77.11721414508507,2018-07-08 19:33:54
28.75357875785874,77.11721414508507,2018-07-08 19:33:54
28.746642349132394,77.11745387014072,2021-11-25 23:38:39
28.746642349132394,77.11745387014072,2021-11-25 23:38:39
28.746642349132394,77.11745387014072,2021-11-25 23:38:39
28.746642349132394,77.11745387014072,2021-11-25 23:38:39
28.746642349132394,77.11745387014072,2021-11-25 23:38:39
28.746642349132394,77.11745387014072,2021-11-25 23:38:39
28.746642349132394,77.11745387014072,2021-11-25 23:38:39
28.746642349132394,77.11745387014072,2021-11-25 23:38:39
28.746642349132394,77.11745387014072,2021-11-25 23:38:39
28.746642349132394,77.11745387014072,2021-11-25 23:38:39
28.746642349132394,77.11745387014072,2021-11-25 23:38:39
28.746642349132394,77.11745387014072,2021-11-25 23:38:39
28.746642349132394,77.11745387014072,2021-11-25 23:38:39
28.746642349132394,77.11745387014072,2021-11-25 23:38:39
28.746642349132394,77.11745387014072,2021-11-25 23:38:39
28.75056542424366,77.11968549258435,2020-02-09 20:41:52
28.751297455754237,77.112673639081,2020-12-23 07:07:28
28.750995242038385,77.11734584357292,2020-10-19 13:14:17
28.750995242038385,77.11734584357292,2020-10-19 13:14:17
28.750995242038385,77.11734584357292,2020-10-19 13:14:17
28.750995242038385,77.11734584357292,2020-10-19 13:14:17
28.750995242038385,77.11734584357292,2020-10-19 13:14:17
28.750995242038385,77.11734584357292,2020-10-19 13:14:17
28.750995242038385,77.11734584357292,2020-10-19 13:14:17
28.750995242038385,77.11734584357292,2020-10-19 13:14:17
28.750995242038385,77.11734584357292,2020-10-19 13:14:17
28.750995242038385,77.11734584357292,2020-10-19 13:14:17
28.750995242038385,77.11734584357292,2020-10-19 13:14:17
28.750995242038385,77.11734584357292,2020-10-19 13:14:17
28.750995242038385,77.11734584357292,2020-10-19 13:14:17
28.750995242038385,77.11734584357292,2020-10-19 13:14:17
28.750995242038385,77.11734584357292,2020-10-19 13:14:17
28.750995242038385,77.11734584357292,2020-10-19 13:14:17
28.750995242038385,77.11734584357292,2020-10-19 13:14:17
28.750995242038385,77.11734584357292,2020-10-19 13:14:17
28.750995242038385,77.11734584357292,2020-10-19 13:14:17
28.750995242038385,77.11734584357292,2020-10-19 13:14:17
28.750995242038385,77.11734584357292,2020-10-19 13:14:17

28.750995242038385,77.11734584357292,2020-10-19 13:14:17
28.74610981351189,77.11884211275152,2019-06-03 22:26:34
28.750515821437826,77.1198006653112,2017-05-14 07:44:48
28.747130920383785,77.11738200343217,2017-08-09 03:09:49
28.74608906249029,77.11821134293109,2018-03-24 02:12:53
28.749038525000092,77.11650858089395,2017-05-07 12:57:27
28.75387796714422,77.11534045226031,2016-12-09 11:54:12
28.746905443014725,77.1182446495533,2020-03-28 12:16:25
28.749236775437875,77.11782146512262,2017-04-14 01:25:56
28.752490828326405,77.11510358822333,2018-08-07 03:08:44
28.749539601991493,77.11897218972985,2017-06-16 13:22:41
28.746328050969392,77.11830238989356,2021-02-14 06:21:42
28.751743419822578,77.11618566642503,2019-07-07 21:22:19
28.7536856980613,77.11495920172838,2018-01-14 01:15:16
28.7536343464823,77.11687920668867,2023-06-25 10:07:49
28.751377132346985,77.11988811352788,2018-06-19 01:23:00
28.75048938990898,77.11996492772181,2017-05-24 05:55:38
28.748100882064524,77.11570276694572,2022-06-30 16:40:56
28.75126522004635,77.12035205870976,2016-09-19 18:57:48
28.753283105532017,77.11812538213503,2023-01-04 16:40:45
28.7532794184813,77.11788367601987,2020-03-10 20:16:10
28.74757954619029,77.11869368228284,2016-01-26 01:30:22
28.74966360220517,77.11846084059873,2017-05-15 15:06:42
28.74749811210222,77.11941959705452,2017-07-29 00:11:24
28.752982085186545,77.11818818679309,2020-03-01 17:16:02
28.752353243922464,77.11732020356047,2020-03-24 08:50:18
28.74679810798615,77.11882918790769,2018-11-12 07:08:17
28.75375589529122,77.11531355711497,2019-10-04 10:54:54
28.74618867876084,77.11766647783992,2019-03-11 19:23:12
28.74860124984267,77.11774380264167,2020-12-01 04:32:44
28.747845551284893,77.11569549294391,2021-02-08 21:55:27
28.748382233716722,77.116160304944,2018-03-23 19:52:06
28.7483847810688,77.12079740971566,2019-01-18 13:50:02
28.753177754986503,77.11752948406827,2021-12-13 08:43:56
28.751164621701808,77.1201758195192,2020-07-21 23:10:00
28.748271151262177,77.12054287791912,2018-08-29 18:27:08
28.748141757337372,77.11698175604823,2017-05-01 17:40:29
28.75065269039683,77.1208258561105,2017-09-09 07:28:22
28.751318214399518,77.11796519330507,2020-08-03 15:24:05
28.749952676580982,77.11984941586572,2021-07-10 17:21:01
28.75196162056957,77.1143596823321,2019-02-15 04:41:48
28.749356874180634,77.11600869100228,2018-12-21 15:18:43
28.7507075565825,77.12036365091583,2022-10-31 05:19:55
28.750871099992725,77.11993353083955,2023-02-06 01:37:32
28.753028511677133,77.11820584751,2023-05-04 10:45:02
28.746114926321187,77.11750431807488,2021-10-24 16:28:16
28.749479518294397,77.11872218114239,2018-06-17 14:46:39
28.744905103243624,77.11809420439359,2017-03-15 23:09:48
28.74983844864198,77.11462573266503,2022-08-25 14:39:50
28.7511839302494,77.11371867241608,2018-12-22 23:59:52
28.751209225602487,77.1143620018398,2022-05-11 17:27:53
28.750464713483684,77.1184826596555,2022-11-15 01:08:13
28.75337301923731,77.11699085343433,2016-02-19 17:02:43
28.74920919598997,77.12102037984059,2020-03-04 23:41:47
28.753003512104836,77.11638704808617,2023-03-25 20:04:09
28.749663553419946,77.11563558076934,2017-11-29 23:08:42
28.749246465644063,77.12097421557873,2016-12-22 20:20:11
28.747272706262827,77.11704885449858,2019-09-03 16:18:44
28.750837070790475,77.11834056057555,2021-11-29 18:18:41
28.74978667706076,77.11435491413435,2016-02-24 10:35:47
28.748624514397868,77.11544829561622,2019-05-27 14:26:37
28.74835163604583,77.11629244050629,2019-08-12 19:34:46
28.750143901054287,77.1161199089224,2016-12-02 15:35:00
28.749745482372685,77.12208320002291,2021-01-26 11:31:26
28.75275787431357,77.11484672970614,2018-10-30 11:47:12
28.748975495143686,77.12161504906446,2018-06-17 22:15:03
28.74664302567641,77.11676197271281,2021-08-05 14:27:10
28.746311474887143,77.11822590802002,2017-05-25 13:47:15
28.748600768781507,77.11918904408452,2016-12-29 00:45:15
28.750202610581116,77.12151517393937,2019-09-28 14:28:06
28.747886330969614,77.11822707629518,2020-07-03 16:45:36
28.74871054533947,77.11843922291183,2020-10-13 16:45:43
28.748048932199563,77.11856390483405,2017-10-03 10:59:11
28.751691027126927,77.11643410832463,2019-09-11 14:08:00
28.753032055101237,77.11535598202003,2023-05-06 17:27:38
28.75085722545941,77.11609241520688,2017-11-12 11:51:47
28.751174642377674,77.11783661866107,2023-06-30 20:23:43
28.748501479283235,77.11784007742094,2023-03-07 08:09:11
28.752923104709968,77.11730540521411,2019-10-24 17:30:42
28.753567271607746,77.11560886559703,2018-04-17 06:56:26
28.747391262017874,77.11777957273911,2022-01-08 02:40:54
28.747391262017874,77.11777957273911,2022-01-08 02:40:54
28.747391262017874,77.11777957273911,2022-01-08 02:40:54
28.747391262017874,77.11777957273911,2022-01-08 02:40:54
28.747391262017874,77.11777957273911,2022-01-08 02:40:54
28.747391262017874,77.11777957273911,2022-01-08 02:40:54
28.747391262017874,77.11777957273911,2022-01-08 02:40:54
28.747391262017874,77.11777957273911,2022-01-08 02:40:54
28.747391262017874,77.11777957273911,2022-01-08 02:40:54
28.747391262017874,77.11777957273911,2022-01-08 02:40:54
28.747391262017874,77.11777957273911,2022-01-08 02:40:54
28.747391262017874,77.11777957273911,2022-01-08 02:40:54
28.747391262017874,77.11777957273911,2022-01-08 02:40:54
28.747391262017874,77.11777957273911,2022-01-08 02:40:54
28.747391262017874,77.11777957273911,2022-01-08 02:40:54
28.754019215800593,77.11642267327446,2023-04-02 11:11:28
28.750011803976438,77.11988102090822,2019-10-28 14:15:20
28.751476004623306,77.1195809670596,2022-06-10 22:58:24
28.747739124838127,77.11781286650552,2016-03-01 02:06:58
28.75166634261232,77.11991395798236,2022-11-24 17:21:57
28.746683771925426,77.11847294072784,2022-06-02 14:19:05
28.74692152702516,77.11563986235818,2022-02-11 08:09:35
28.745832433255604,77.11715032143418,2023-08-12 10:15:26
28.748607236997078,77.11835785394929,2018-09-08 19:24:33
28.751524662024487,77.11841186716724,2018-09-13 15:51:47
28.752433634193007,77.11373519347902,2021-08-31 18:58:35
28.75099167212656,77.11421239952494,2017-05-23 22:37:18
28.74875228810046,77.11953945309939,2021-11-12 22:17:06
28.7519749927648,77.11493961744418,2022-02-22 00:20:40
28.74754256755229,77.12081733387434,2018-02-25 07:43:21
28.750058086091574,77.11540078365195,2016-11-09 04:48:38
28.74510580237689,77.11845461700707,2020-06-04 10:05:21
28.749309331663778,77.11630752033973,2018-01-02 23:09:34
28.75105329662495,77.12028324231913,2017-11-27 14:32:16
28.75031510832548,77.11399134650698,2018-12-11 16:44:24
28.75200200049181,77.11779427005696,2018-04-04 11:52:40
28.748998943911083,77.11758408447783,2018-04-29 03:30:39
28.749456907831846,77.1199788921366,2017-07-06 03:24:25
28.74963138157867,77.11796855899604,2018-10-19 15:34:44
28.75137378855552,77.11597421500306,2018-10-20 03:11:29
28.746691450160846,77.1196788129029,2018-10-24 02:56:45
28.74586411363289,77.11901346451366,2017-02-22 05:57:58
28.75236870744126,77.11794377650013,2021-01-12 06:42:31
28.749032100211863,77.1218057716526,2020-05-26 23:27:18
28.74940007276596,77.11934681127197,2020-03-28 16:04:02
28.748916339711894,77.11811135200803,2021-12-22 07:36:54
28.748948015219753,77.1204878961335,2023-01-14 15:23:21
28.75106801824824,77.11853357968906,2017-08-27 09:20:22
28.748036436416978,77.12121790796873,2023-07-31 15:00:14
28.74882399938931,77.119299778967,2022-07-06 17:39:02
28.752497204554274,77.11792645103644,2023-04-27 20:53:31
28.749876566048933,77.12037754192386,2021-05-12 15:48:39
28.747946154307712,77.11691255900149,2020-08-17 09:38:54
28.74729689403105,77.1193000634722,2016-06-21 19:09:16
28.749801120063186,77.12182916990862,2020-07-31 22:08:36
28.750294102680368,77.11661862556097,2019-06-14 12:07:49
28.75226452816208,77.11923529931836,2022-07-04 08:02:06
28.749940387971726,77.11555240646648,2016-07-10 13:31:13
28.750833728904844,77.11697503783623,2022-06-17 15:45:07
28.75195187371449,77.11360901333606,2019-07-21 22:51:29
28.74808427551479,77.1165894802464,2017-03-31 07:32:23
28.74790701769645,77.11867438589044,2016-02-13 06:10:37
28.751005278063783,77.1173268411051,2021-06-05 14:41:07
28.749769072163183,77.1226362751095,2020-12-03 13:45:02
28.750620182206557,77.1138928060199,2017-08-13 13:35:26
28.751451109461275,77.11540292952715,2018-05-03 18:24:41
28.748447906686838,77.12015733394645,2019-07-11 07:49:02
28.74705597939992,77.11685785174933,2019-07-03 04:50:03
28.75204124388883,77.1168591626401,2021-06-21 20:45:20
28.74823129354963,77.11557562016046,2020-03-28 05:29:34
28.74576874122442,77.11629743157805,2016-04-27 14:40:46
28.751123695019395,77.1180703817733,2018-01-29 14:00:39
28.754671575544585,77.11589951153198,2017-08-22 21:51:26
28.74992513763692,77.11844175675496,2016-11-29 17:17:36
28.749318411461086,77.12067647947669,2017-12-14 07:53:05
28.752373042789877,77.11480571050733,2018-01-31 19:53:15
28.75226236942072,77.11587808354956,2017-04-02 01:38:52
28.752252008216583,77.11861195147397,2021-08-27 21:02:13
28.749280060884832,77.11980848229325,2019-02-19 09:04:52
28.752804137644233,77.11707324279556,2020-12-27 11:33:00
28.749471624856408,77.12015370378562,2022-12-08 16:52:47
28.747313457446527,77.11570155607367,2019-02-22 22:35:12
28.751341143837795,77.11909556624083,2020-05-08 22:40:06
28.747063965591295,77.11885327546513,2020-10-24 12:09:09
28.75191852062153,77.11828091130658,2023-02-18 11:19:18
28.752259486520416,77.11910299602643,2023-06-25 18:44:59
28.749570299192055,77.122340407337,2018-03-19 14:49:02
28.748587562909854,77.1164371974899,2019-09-23 00:15:47
28.75127171921708,77.1138149671685,2016-04-22 23:10:30
28.75296210305138,77.11653740379585,2019-11-30 13:21:15
28.75171970484555,77.11738178617314,2023-06-23 17:48:56
28.751802346121366,77.11973550866364,2016-06-27 05:15:14
28.752400692727598,77.11808113394146,2016-01-11 03:57:58
28.75310299093064,77.11662508918442,2022-05-10 15:20:31
28.752072122218017,77.11594332802842,2019-10-14 08:57:08
28.746704587341977,77.11853452813682,2020-11-16 02:42:28
28.750121795519277,77.11534485519788,2022-03-08 19:18:51
28.74934374844479,77.11919285538191,2019-04-04 14:40:16
28.74907072853817,77.11690127384927,2023-02-11 12:59:18
28.75306056013188,77.11551743564603,2018-06-16 15:09:30
28.752510261484947,77.11606289761473,2018-09-20 14:05:18
28.752910248251954,77.11767783264158,2022-01-20 10:22:59
28.74994359805509,77.11425560077762,2017-05-26 01:15:29
28.74730777279516,77.11725941548748,2022-11-15 21:56:29
28.747759823829657,77.11838324100339,2017-06-28 01:10:17
28.75003371834556,77.11781444887954,2016-03-08 02:11:06
28.74521236921664,77.11811596228834,2017-02-21 06:25:13
28.74660922388514,77.11907343853919,2018-09-28 13:34:11
28.746857897022586,77.11976371809381,2017-04-15 14:20:25
28.75395894403909,77.1156609682008,2016-08-24 01:27:00
28.745170300248457,77.11704226962497,2016-12-19 10:16:36
28.74626834699562,77.1167351260128,2020-10-20 04:10:04
28.749836578458616,77.11958584335144,2020-04-07 19:26:17
28.745147632936288,77.11761374009933,2023-04-10 15:09:56
28.75241494074146,77.11803163826035,2018-03-25 19:16:35
28.753136565968152,77.11683658449685,2016-01-18 04:20:56
28.747349135602246,77.1158153379713,2020-05-02 12:42:19
28.750977810004148,77.11663695448767,2019-03-16 01:26:29
28.750737345670665,77.1158037953525,2022-06-29 03:03:09
28.75250574958764,77.11519426235638,2019-10-25 12:52:54
28.751225262125708,77.12049729701269,2023-04-16 05:40:56
28.75408683196394,77.11539527089182,2017-07-18 01:12:33
28.7511993994312,77.11416819998023,2023-07-17 03:38:12
28.749792200476485,77.12217474799071,2022-09-23 10:33:31
28.747288295170183,77.11619177869541,2020-03-23 12:40:27
28.74861948563005,77.11756340910901,2021-08-01 15:46:38
28.752376236755516,77.11652015521626,2017-09-17 13:05:29
28.74997296892528,77.11853303091264,2018-09-20 11:26:34
28.75265892548159,77.11463372735857,2022-01-10 06:24:51
28.751220762423145,77.11885900778992,2021-12-31 02:13:34
28.751541915939423,77.1199981911383,2022-08-29 01:27:15
28.748661463028647,77.11541374377497,2020-12-29 10:12:55
28.75262347424547,77.1182989280193,2020-09-01 06:20:14
28.749337375029025,77.11497898107696,2016-11-27 08:01:00
28.753579332799887,77.11746327103872,2022-01-17 18:20:51
28.749681750348213,77.11870091590764,2016-04-28 20:17:51
28.749155550230213,77.1196230211794,2016-05-06 08:49:43
28.74938226247169,77.11830954123809,2023-01-06 09:37:20
28.746169339858984,77.1181210426923,2023-02-20 20:30:19
28.746128713243024,77.11868799277093,2016-10-19 16:51:20
28.749805531392777,77.117437029299,2022-11-12 07:02:52
28.753385343897463,77.11621921569824,2017-08-20 18:11:22
28.75434987982732,77.11632496756917,2023-02-27 06:58:14
28.747872111267792,77.11839601882073,2019-11-29 00:09:54
28.7522554587434,77.118450876107,2023-08-02 11:20:57
28.74929554166858,77.11878609633133,2018-11-17 18:59:44
28.74548096355967,77.11820897919743,2018-01-02 06:42:07
28.748232820936494,77.1158709867712,2017-11-27 10:24:06
28.747405944741907,77.11869873017602,2017-12-28 02:31:18
28.749390202862045,77.11992142905879,2019-03-02 00:59:07
28.75385447753195,77.11611161820042,2016-06-01 21:06:20
28.746287110889163,77.11905910082571,2019-05-28 22:56:05
28.74713770774736,77.11804599013763,2022-04-09 17:50:13
28.75067141177312,77.11588585860108,2019-09-20 22:04:07
28.75191815091987,77.1133912018693,2016-10-17 16:33:39
28.7491548520595,77.11517121902233,2023-02-04 14:55:01
28.7504452739008,77.11926499860142,2022-05-06 01:02:09
28.747074677643763,77.11778432854268,2019-06-08 15:39:55
28.747296531510006,77.11584751973247,2016-11-08 05:57:43
28.74914213404413,77.11788280122363,2021-10-31 18:54:28
28.7534835763877,77.11729011989271,2020-05-26 15:31:15
28.75302827184204,77.11727084058201,2019-05-20 07:45:44
28.750998762664683,77.11361941107107,2017-04-17 16:35:33
28.74694674681152,77.11942984234217,2018-06-14 17:59:48
28.745403895031018,77.11874554677473,2022-07-20 11:08:44
28.75279417966471,77.11671354682599,2023-05-25 05:49:05
28.750259795642666,77.1162783456286,2020-06-06 09:31:30
28.747517104610235,77.12000181780938,2016-01-30 23:09:40
28.745503643240742,77.11586053820092,2018-02-10 22:31:35
28.750789396647445,77.11408675283921,2018-10-16 07:12:23
28.74739749276792,77.1181092771851,2016-09-08 20:53:44
28.752342956979085,77.11602693587365,2023-05-25 06:58:34
28.747084301107908,77.11616668275603,2022-06-13 13:36:31
28.751470642439713,77.11630466244812,2022-08-27 09:45:01
28.75085148921485,77.11733235148758,2019-02-16 04:37:47
28.74569457566322,77.11665522876133,2021-12-05 19:36:44
28.747373071705287,77.11712993796417,2021-05-15 10:01:21
28.751286667223074,77.11415756000608,2022-02-09 05:41:25
28.751999818664384,77.11494921349939,2022-11-01 16:50:38
28.750810550863932,77.11815136284571,2022-04-20 02:05:58
28.748895861140973,77.11680946498947,2021-01-24 22:46:26
28.745870206619774,77.11653455971064,2019-06-01 08:25:13
28.751513199603686,77.11624265965662,2021-09-24 19:32:30
28.748470707490007,77.11742702901526,2021-07-02 23:56:39
28.75143371564476,77.11907545390056,2020-01-12 18:23:25
28.753252624085935,77.11681794569503,2023-02-24 05:00:55
28.749375239444436,77.11644389440681,2017-04-09 21:38:21
28.750519340768392,77.11791482840684,2021-08-11 15:00:48
28.752960639583495,77.1142306261204,2017-04-30 14:32:17
28.750716307071052,77.11352633775525,2022-11-04 11:08:27
28.75309862993271,77.11578114303663,2023-08-22 07:21:13
28.747006646618978,77.11772872516522,2022-01-05 22:56:23
28.74646106178359,77.1158820522801,2020-10-24 17:17:36
28.746778352021753,77.119572260178,2016-10-14 22:42:15
28.749201063030423,77.11648993551313,2016-10-25 17:19:42
28.75101943482108,77.1142375846315,2020-06-11 03:59:38
28.74948748192862,77.11994856861048,2016-11-18 03:03:05
28.749873400371882,77.1189729292756,2023-02-18 21:54:40
28.749597627444757,77.12138118960246,2023-04-22 07:11:05
28.74954182978999,77.11804250019735,2020-05-03 02:01:26
28.74902928347671,77.12167472644349,2016-11-23 09:53:10
28.748972588840868,77.12097418494425,2018-04-15 18:30:03
28.745311904867364,77.11711491027486,2016-01-12 20:36:57
28.74976845765958,77.12198831354213,2022-01-31 07:17:48
28.745942434466247,77.11739937896083,2023-06-27 11:58:01
28.752326013121507,77.1184085146757,2020-06-17 19:46:47
28.749526857964547,77.11681853599428,2018-11-03 09:50:30
28.748715568156314,77.11593151161732,2019-06-15 11:01:08
28.74913111479691,77.11621960204458,2020-02-14 23:20:27
28.74593633934925,77.11674547886963,2016-11-22 23:03:00
28.751541365625982,77.11968434532923,2022-12-08 12:54:57
28.74933893693889,77.11673818172004,2018-06-26 18:02:47
28.75230585010754,77.11365749502686,2016-03-03 19:01:24
28.747242817332978,77.11969799154369,2019-11-08 01:03:48
28.74799527569882,77.11737793192216,2021-07-07 18:26:41
28.746552905277266,77.11810124672103,2020-02-03 02:06:55
28.74505245055007,77.11748837620318,2017-09-14 17:04:13
28.751006102800012,77.11793393423179,2017-09-19 10:33:11
28.752009856207252,77.11375859997922,2023-05-27 17:47:01
28.750078065256414,77.11451294022125,2017-08-18 18:30:56
28.74648259027668,77.11623396607743,2021-07-19 02:13:47
28.74881800087702,77.11532962208227,2018-06-05 08:24:52
28.753829333269746,77.1170742001594,2019-04-28 08:45:51
28.745113781009653,77.1185062684233,2016-04-19 01:34:29
28.75292281180212,77.11644729672031,2019-02-27 22:58:05
28.749045701197073,77.11550594896657,2020-11-14 19:39:56
28.749633044229356,77.11690828244504,2023-06-22 11:22:02
28.75183115093136,77.1142651584056,2019-06-10 01:01:49
28.749785366370073,77.11882311037535,2019-09-09 18:28:51
28.750327066821068,77.12000361527568,2022-10-21 21:19:48
28.746450725820633,77.1179097816622,2019-11-18 13:50:01
28.747390851772863,77.11560386561322,2019-11-05 07:46:37
28.74521144761722,77.11763526212367,2016-06-14 01:22:07
28.75279381235687,77.11378150158072,2019-11-10 07:35:20
28.75030034878091,77.11965735949777,2022-04-17 08:04:41
28.748612463749563,77.11750141308009,2016-07-25 13:32:05
28.753191754282152,77.1155955200622,2017-04-13 07:50:33
28.753612450075156,77.11764603786128,2020-08-17 13:06:49
28.748856975348183,77.12010390240951,2020-04-07 07:35:16
28.746537044163542,77.11663485718589,2019-10-02 14:47:13
28.751240667750338,77.11571502170894,2021-06-15 04:28:52
28.74846667797741,77.11612572442085,2019-09-13 10:26:53
28.751954367233417,77.11501637148497,2022-07-16 00:02:48
28.75057580938059,77.11853667372253,2021-10-30 00:55:14
28.748276252078234,77.11611701359192,2019-02-04 04:33:59
28.75313715783819,77.11483799747984,2018-04-27 11:56:02
28.747701059924932,77.12017466877774,2022-01-22 09:42:38
28.750397019415534,77.12100809153769,2021-05-24 21:20:33
28.747431187736492,77.11800305747606,2023-03-04 13:39:04
28.754143149917617,77.11692415656785,2016-09-03 06:04:40
28.74898588759996,77.11527900171373,2023-08-19 13:14:50
28.74893524580371,77.11986029072133,2018-07-13 06:53:00
28.751274381443828,77.11880378722515,2019-07-02 01:01:45
28.748380351411015,77.12063249853149,2018-04-14 00:20:19
28.74548694950645,77.11891116178623,2020-06-10 17:26:58
28.751382176508205,77.11348716490797,2016-12-29 07:53:53
28.749600245418083,77.11903124493362,2021-09-19 19:22:24
28.74997820021712,77.12007180514884,2017-11-19 15:35:03
28.749999586390228,77.1152272395856,2018-07-25 22:01:47
28.746782755237753,77.11877551862952,2021-11-05 00:53:26
28.75026335426493,77.12008432542979,2016-12-01 06:14:18
28.754618861470657,77.1157341285621,2023-08-30 19:57:02
28.747393516235658,77.11787871593118,2021-10-02 00:07:30
28.745834192541924,77.11805738925803,2023-02-19 14:40:23
28.749016900968616,77.11536400747998,2019-02-24 02:32:27
28.748888844675346,77.11748696176721,2019-08-04 02:17:36
28.749084393825047,77.1163725669963,2021-10-21 09:03:13
28.748312210229514,77.11778759906248,2018-06-15 09:44:48
28.747749056877613,77.11730255408722,2021-01-10 22:11:52
28.745900140814943,77.11838704939382,2016-02-07 22:03:46
28.748380082775615,77.1182412889828,2022-01-22 13:38:39
28.74873098935963,77.11848761902192,2020-07-27 19:37:16
28.750254147343313,77.11518625694556,2020-01-19 08:32:12
28.752776755697216,77.11471344211435,2021-10-15 19:36:09
28.751729144995807,77.1181017145777,2020-03-14 03:19:22
28.753563003728104,77.11781348213009,2017-08-08 13:06:30
28.74812508637338,77.12016961944701,2022-02-03 15:10:52
28.751832677667608,77.11539619199262,2019-08-11 03:21:12
28.752564080832762,77.11798560680812,2021-11-25 12:27:07
28.75090570355697,77.11991375866275,2018-03-10 13:29:25
28.749993893391416,77.11527010705665,2018-06-05 23:03:05
28.753136611077814,77.11611487144631,2023-09-10 14:28:25
28.74869138162881,77.11951485872717,2021-11-05 04:19:15
28.745694732731792,77.11746955376915,2018-09-17 08:44:57
28.74570602688977,77.1182326682291,2020-05-12 22:40:50
28.74949648460893,77.11744333959246,2019-06-08 14:01:45
28.74815126014408,77.11918206414286,2019-01-18 05:45:50
28.753172069534422,77.11628891701763,2023-09-01 13:52:48
28.74712049524046,77.11987068014719,2022-05-06 09:06:21
28.750028943074163,77.11901654236208,2022-12-21 17:58:55
28.749542035140664,77.11802472194194,2021-11-14 06:10:20
28.752538574617606,77.11427923163114,2020-10-05 10:53:58
28.753984761459648,77.11541747984582,2023-08-06 02:17:18
28.752926629167835,77.11842721609443,2016-05-26 20:45:30
28.75166645896331,77.11958401221443,2021-09-27 15:36:57
28.749810047443447,77.12225305495748,2022-08-21 10:18:37
28.747194026435608,77.115684479188,2023-01-21 08:20:00
28.75418825484884,77.11666623050549,2017-02-25 18:34:31
28.74802068699532,77.12123757787364,2022-03-16 00:20:24
28.750481910634196,77.12171458836602,2022-04-13 18:01:41
28.753032718349157,77.11653693297501,2017-11-20 22:51:26
28.75039652475291,77.11805160235164,2022-12-06 12:52:16
28.750784756624203,77.11676580395911,2017-02-01 19:46:38
28.750466843814497,77.11719090177887,2020-07-15 01:27:39
28.75387566202578,77.11505397494841,2017-11-30 21:19:49
28.75106281865237,77.11666427441983,2018-01-21 17:44:43
28.75193518940788,77.11511379800363,2016-11-01 11:19:36
28.749418250091814,77.12118588208894,2022-11-27 13:33:12
28.750349041936282,77.11822375307173,2023-08-21 21:20:18
28.747281367307917,77.11626399805357,2019-11-12 14:01:16
28.751266424101047,77.11572485982319,2016-07-20 17:25:24
28.748491645172745,77.11885307349449,2021-11-20 10:35:55
28.75202542545832,77.11901313934862,2018-07-17 16:57:46
28.748991544282628,77.11635342483491,2016-01-23 21:11:17
28.745044523269897,77.11800049116763,2022-07-15 09:30:26
28.747882630395562,77.12061428373957,2018-09-01 07:04:45
28.75172826816828,77.11652935689987,2023-07-16 23:08:19
28.74847178617026,77.12103603468847,2016-01-01 21:15:32
28.75036276761133,77.11363878132386,2023-02-19 13:54:27
28.746151203164995,77.11625296566777,2021-07-23 21:36:58
28.745901291699532,77.1167312662756,2021-10-10 01:52:20
28.7473506686546,77.11631524627659,2017-08-07 18:54:23
28.747195814159685,77.11748172354208,2016-11-16 19:17:14
28.751443062964114,77.11716244577283,2016-11-25 11:18:33
28.75242335732066,77.11689824389501,2022-06-23 03:32:42
28.752752482896263,77.1170598128499,2020-05-10 12:37:14
28.75238352202381,77.11599757825387,2018-02-08 11:12:36
28.746270544218255,77.11777571467636,2017-03-28 17:09:09
28.74897466389265,77.11549179693495,2019-03-04 08:52:52
28.746320107638443,77.11940241431805,2023-04-27 00:51:46
28.75143581453008,77.11296234260992,2018-08-30 09:28:40
28.753839778754593,77.1153324714543,2023-03-05 16:19:50
28.74752891700505,77.11641700918346,2021-07-07 18:51:03
28.75312161342315,77.11789322760814,2021-08-09 10:57:12
28.751374289227563,77.1172759543501,2022-05-07 01:40:04
28.75050341346871,77.1191437663601,2022-06-19 05:59:49
28.74896251432181,77.117701952537,2022-11-30 13:57:52
28.74964406215512,77.12092435231978,2021-11-01 19:51:54
28.749950739920582,77.11984339476275,2022-11-14 14:34:54
28.74741286539514,77.1177536824734,2018-05-05 08:51:08
28.74698099753335,77.11728596833866,2021-09-27 11:31:33
28.749408654778538,77.11524020656206,2016-05-14 15:43:15
28.752910454294575,77.11458784328828,2017-04-30 16:25:36
28.751005956308408,77.11720261042804,2016-06-18 19:56:59
28.752639637981872,77.11719724568302,2016-06-28 10:26:21
28.748566942182155,77.12106051435772,2021-11-01 11:10:12
28.748581469998395,77.11624475490345,2016-03-02 23:44:54
28.752154528275362,77.1188508704433,2019-01-07 17:23:41
28.746183931864376,77.11816430135406,2019-09-03 05:14:07
28.74969445853914,77.11599193534701,2021-12-10 18:53:52
28.749181422854395,77.1172064310011,2020-12-11 12:51:50
28.751916441462473,77.11851801195341,2018-04-07 05:47:47
28.750979606854614,77.11969707904932,2021-02-12 10:06:43
28.754064420169556,77.11527135919975,2019-05-19 21:49:09
28.74742346433012,77.11688433388777,2022-01-29 02:54:31
28.745371942221865,77.11709739581546,2018-11-11 19:34:57
28.75035232201976,77.1154399780652,2018-03-11 09:49:27
28.7482931027858,77.11940057253612,2020-07-26 22:38:22
28.749732379795574,77.11798220582133,2016-01-24 16:15:12
28.75001468044927,77.11901687001843,2018-05-11 04:57:33
28.749036512260446,77.12130870579128,2018-05-26 00:12:14
28.750194145053857,77.11604216415823,2018-02-07 06:41:49
28.75302152659515,77.11590994448215,2020-06-02 01:06:49
28.754759373212842,77.11597933760741,2019-09-13 21:35:19
28.745824889960186,77.11860869340626,2023-09-05 01:44:59
28.745435797004006,77.1177303838429,2016-10-13 13:43:16
28.746951097593637,77.11951168325902,2022-03-10 11:15:40
28.74998124931555,77.11891951876534,2018-09-30 16:14:33
28.752026341114572,77.1145600625568,2019-07-21 12:53:11
28.754371459738984,77.1159167288624,2017-01-10 23:00:23
28.749580086064473,77.12081087046654,2023-06-11 21:14:13
28.745994950512593,77.11860218651144,2023-03-30 03:49:45
28.745812828632225,77.11585703748871,2023-01-09 10:04:15
28.746838364614455,77.11561256683615,2020-12-23 11:59:12
28.753480799199032,77.11676600736344,2022-10-14 04:35:11
28.75193694803739,77.11822486218438,2022-12-17 09:39:38
28.749546079841053,77.12181456201415,2021-04-12 09:36:30
28.75064767596826,77.11763838336685,2018-07-08 11:06:15
28.74606088222764,77.11935745621469,2019-08-23 17:21:08
28.74760280576868,77.11955344451496,2022-05-17 20:53:40
28.751269541663323,77.12019952033549,2017-08-28 06:21:40
28.75122662781587,77.11531259557302,2021-12-21 17:37:17
28.74801749145054,77.12082947381141,2016-01-24 05:53:54
28.748987123991423,77.11877412423563,2022-07-30 23:05:24
28.752207477785063,77.11875954745129,2016-04-17 01:36:48
28.75203230333367,77.11460031912989,2022-11-06 05:34:37
28.751531881434957,77.11488976043073,2016-01-31 05:57:29
28.746317200896012,77.11817337308561,2019-07-29 13:21:32
28.753410517534245,77.11744607618398,2022-01-19 12:09:07
28.747451752552898,77.11776413363702,2018-02-22 13:19:59
28.753104444013854,77.11694102214597,2022-09-29 04:34:19
28.74639384725491,77.11804124547439,2020-09-15 07:10:58
28.74722732171805,77.11683995891465,2022-01-01 01:51:37
28.753582630557215,77.11506145481309,2017-11-25 18:32:05
28.748190906579957,77.11985406528184,2017-06-27 12:28:16
28.75034796057911,77.11772604386411,2022-12-19 07:59:44
28.74567856644661,77.11908603616767,2019-10-28 04:46:52
28.748981877318815,77.11810407954924,2016-04-07 02:55:41
28.746879660162367,77.11982915316179,2017-10-24 23:50:41
28.750213240264944,77.11567217515771,2019-06-03 08:04:34
28.74849286842239,77.11916626293848,2017-11-07 05:29:56
28.74849286842239,77.11916626293848,2017-11-07 05:29:56
28.74849286842239,77.11916626293848,2017-11-07 05:29:56
28.74849286842239,77.11916626293848,2017-11-07 05:29:56
28.74849286842239,77.11916626293848,2017-11-07 05:29:56
28.74849286842239,77.11916626293848,2017-11-07 05:29:56
28.74849286842239,77.11916626293848,2017-11-07 05:29:56
28.74849286842239,77.11916626293848,2017-11-07 05:29:56
28.74849286842239,77.11916626293848,2017-11-07 05:29:56
28.74849286842239,77.11916626293848,2017-11-07 05:29:56
28.74849286842239,77.11916626293848,2017-11-07 05:29:56
28.74849286842239,77.11916626293848,2017-11-07 05:29:56
28.74849286842239,77.11916626293848,2017-11-07 05:29:56
28.74849286842239,77.11916626293848,2017-11-07 05:29:56
28.74849286842239,77.11916626293848,2017-11-07 05:29:56
28.74849286842239,77.11916626293848,2017-11-07 05:29:56
28.74849286842239,77.11916626293848,2017-11-07 05:29:56
28.74849286842239,77.11916626293848,2017-11-07 05:29:56
28.74849286842239,77.11916626293848,2017-11-07 05:29:56
28.74849286842239,77.11916626293848,2017-11-07 05:29:56
28.74849286842239,77.11916626293848,2017-11-07 05:29:56
28.74849286842239,77.11916626293848,2017-11-07 05:29:56
28.74849286842239,77.11916626293848,2017-11-07 05:29:56
28.74849286842239,77.11916626293848,2017-11-07 05:29:56
28.74849286842239,77.11916626293848,2017-11-07 05:29:56
28.74849286842239,77.11916626293848,2017-11-07 05:29:56
28.74849286842239,77.11916626293848,2017-11-07 05:29:56
28.74849286842239,77.11916626293848,2017-11-07 05:29:56
28.74849286842239,77.11916626293848,2017-11-07 05:29:56
28.74849286842239,77.11916626293848,2017-11-07 05:29:56
28.74849286842239,77.11916626293848,2017-11-07 05:29:56
28.74849286842239,77.11916626293848,2017-11-07 05:29:56
28.750140572015376,77.1165959644747,2017-08-13 03:54:03
28.750991022442108,77.11739193996023,2016-04-08 04:21:24
28.7518138775615,77.11669155878923,2017-09-08 08:47:37
28.7468483271323,77.11584535338999,2018-01-26 08:08:59
28.749100085448866,77.11644158177602,2020-03-13 21:57:11
28.74946013174665,77.12237225502224,2023-01-12 03:57:17
28.750191375368335,77.12019368373836,2016-03-23 19:36:57
28.746770732579986,77.1200413873767,2022-11-06 09:30:39
28.748970522938393,77.12177339788587,2021-06-11 23:02:09
28.749039322855715,77.12000595422406,2019-10-27 21:05:53
28.75051130751138,77.11482783525247,2023-04-25 01:36:20
28.753563527776407,77.11740061498061,2019-03-11 21:52:04
28.749986005642334,77.11459091224769,2020-08-26 03:07:19
28.746443527915048,77.11889631335706,2017-11-01 11:38:35
28.750063659897883,77.11791251688695,2022-12-15 13:49:34
28.748982683356896,77.11757179545873,2022-03-12 12:09:12
28.749764959077176,77.11939328558591,2020-01-10 09:26:59
28.746206524899126,77.11757544638441,2016-05-09 02:59:18
28.75252343437255,77.1151224027513,2022-04-03 02:06:20
28.7523284547842,77.11918315637352,2017-02-07 00:54:12
28.75057149321961,77.12070822137787,2019-11-22 00:48:18
28.75180187438971,77.11416043667617,2022-06-12 19:43:28
28.748114430989947,77.12073149815475,2017-06-27 02:00:21
28.750418159168216,77.11790213709617,2017-06-07 00:12:48
28.750418159168216,77.11790213709617,2017-06-07 00:12:48
28.750418159168216,77.11790213709617,2017-06-07 00:12:48
28.750418159168216,77.11790213709617,2017-06-07 00:12:48
28.750418159168216,77.11790213709617,2017-06-07 00:12:48
28.750418159168216,77.11790213709617,2017-06-07 00:12:48
28.750418159168216,77.11790213709617,2017-06-07 00:12:48
28.750418159168216,77.11790213709617,2017-06-07 00:12:48
28.750418159168216,77.11790213709617,2017-06-07 00:12:48
28.750418159168216,77.11790213709617,2017-06-07 00:12:48
28.750418159168216,77.11790213709617,2017-06-07 00:12:48
28.750418159168216,77.11790213709617,2017-06-07 00:12:48
28.750418159168216,77.11790213709617,2017-06-07 00:12:48
28.750418159168216,77.11790213709617,2017-06-07 00:12:48
28.750418159168216,77.11790213709617,2017-06-07 00:12:48
28.750418159168216,77.11790213709617,2017-06-07 00:12:48
28.750418159168216,77.11790213709617,2017-06-07 00:12:48
28.750418159168216,77.11790213709617,2017-06-07 00:12:48
28.750418159168216,77.11790213709617,2017-06-07 00:12:48
28.750418159168216,77.11790213709617,2017-06-07 00:12:48
28.750418159168216,77.11790213709617,2017-06-07 00:12:48
28.750418159168216,77.11790213709617,2017-06-07 00:12:48
28.750418159168216,77.11790213709617,2017-06-07 00:12:48
28.750418159168216,77.11790213709617,2017-06-07 00:12:48
28.750418159168216,77.11790213709617,2017-06-07 00:12:48
28.750418159168216,77.11790213709617,2017-06-07 00:12:48
28.750418159168216,77.11790213709617,2017-06-07 00:12:48
28.750418159168216,77.11790213709617,2017-06-07 00:12:48
28.750418159168216,77.11790213709617,2017-06-07 00:12:48
28.750418159168216,77.11790213709617,2017-06-07 00:12:48
28.750418159168216,77.11790213709617,2017-06-07 00:12:48
28.750418159168216,77.11790213709617,2017-06-07 00:12:48
28.753261042966297,77.11595408903348,2019-04-08 04:29:28
28.750047509849658,77.11876686382122,2017-01-29 14:32:33
28.750047509849658,77.11876686382122,2017-01-29 14:32:33
28.750047509849658,77.11876686382122,2017-01-29 14:32:33
28.750047509849658,77.11876686382122,2017-01-29 14:32:33
28.750047509849658,77.11876686382122,2017-01-29 14:32:33
28.750047509849658,77.11876686382122,2017-01-29 14:32:33
28.750047509849658,77.11876686382122,2017-01-29 14:32:33
28.750047509849658,77.11876686382122,2017-01-29 14:32:33
28.750047509849658,77.11876686382122,2017-01-29 14:32:33
28.750047509849658,77.11876686382122,2017-01-29 14:32:33
28.750047509849658,77.11876686382122,2017-01-29 14:32:33
28.750047509849658,77.11876686382122,2017-01-29 14:32:33
28.750047509849658,77.11876686382122,2017-01-29 14:32:33
28.750047509849658,77.11876686382122,2017-01-29 14:32:33
28.750047509849658,77.11876686382122,2017-01-29 14:32:33
28.750047509849658,77.11876686382122,2017-01-29 14:32:33
28.750047509849658,77.11876686382122,2017-01-29 14:32:33
28.750047509849658,77.11876686382122,2017-01-29 14:32:33
28.750047509849658,77.11876686382122,2017-01-29 14:32:33
28.750047509849658,77.11876686382122,2017-01-29 14:32:33
28.750047509849658,77.11876686382122,2017-01-29 14:32:33
28.750047509849658,77.11876686382122,2017-01-29 14:32:33
28.750047509849658,77.11876686382122,2017-01-29 14:32:33
28.750047509849658,77.11876686382122,2017-01-29 14:32:33
28.750047509849658,77.11876686382122,2017-01-29 14:32:33
28.750047509849658,77.11876686382122,2017-01-29 14:32:33
28.750047509849658,77.11876686382122,2017-01-29 14:32:33
28.750047509849658,77.11876686382122,2017-01-29 14:32:33
28.750047509849658,77.11876686382122,2017-01-29 14:32:33
28.750047509849658,77.11876686382122,2017-01-29 14:32:33
28.750047509849658,77.11876686382122,2017-01-29 14:32:33
28.745439087780095,77.11728776447613,2019-04-15 00:13:33
